DCG000002,L3-SRX-TUNNEL-GA,10.250.128.2,None,L3,1,Tunnel,None,None,
DCG000003,L3-SRX-TUNNEL-TX,10.251.128.2,None,L3,1,Tunnel,None,None,
DCG000005,S001-Courthouse-Segment-FW,10.100.128.100,172.31.64.101,Palo Alto,1,PA-5020,8.1.15-h3,0011C100283:,
DCG000006,S166-WEX-Segment-FW,10.100.128.193,172.26.160.10,Palo Alto,1,PA-5020,8.1.15-h3,0011C100298:,
DCG000007,S166-WEX-LB-Ext-Host,10.100.128.7,172.31.64.9,F5,1,BIG-IP i4600,13.1.5,f5-agoc-lvnw:,
DCG000008,S001-Courthouse-LB-Ext-Host,10.100.128.8,172.31.64.8,F5,1,BIG-IP i4600,13.1.5,f5-ojdj-csqt:,
DCG000009,S001-Courthouse-DMZ,10.100.128.32,172.31.64.12,Juniper,2,ex4300-48t,18.1R3-S6.1,PE3714100609:PE3714100898:,
DCG000010,S001-Courthouse-VPN-Gateway,10.100.128.17,172.31.239.174,Juniper,1,Juniper SRX650 Internet Router,JUNOS Software Release [12.3X48-D60.2],AJ2112AA0111:,
DCG000013,S001-Courthouse-Gfl-1,10.100.128.33,172.31.160.4,Juniper,1,ex3300-48p,15.1R7-S8.1,GB0215090518:,
DCG000014,S001-Courthouse-Gfl-2,10.100.128.34,172.31.160.6,Juniper,1,ex2200-48p-4g,15.1R5.5,CT0212181145:,
DCG000015,S001-Courthouse-1fl-1,10.100.128.18,172.31.161.4,Juniper,2,ex3400-48p,18.2R3-S7.4,NY0217510385:NY0217510400:,
DCG000017,S001-Courthouse-2fl,10.100.128.20,172.31.162.4,Juniper,3,ex3300-48p,15.1R7-S8.1,GB0215090258:GB0216310436:GB0215340377:,
DCG000018,S001-Courthouse-3fl,10.100.128.21,172.31.163.4,Juniper,2,ex3300-48p,15.1R7-S8.1,GB0215090251:GB0215090217:,
DCG000019,S001-Courthouse-4fl,10.100.128.22,172.31.164.4,Juniper,2,ex3300-48p,15.1R7-S8.1,GB0215090090:GB0214136148:,
DCG000020,S001-Courthouse-5fl,10.100.128.23,172.31.165.4,Juniper,2,ex3300-48p,15.1R7-S8.1,GB0215090302:GB0215090345:,
DCG000021,S001-Courthouse-6fl-1,10.100.128.24,172.31.166.4,Juniper,2,ex3300-48p,15.1R7-S8.1,GB0214136630:GB0218510251:,
DCG000022,S001-Courthouse-7fl,10.100.128.25,172.31.167.4,Juniper,2,ex3300-48p,15.1R7-S8.1,GB0215090240:GB0215090262:,
DCG000023,S001-Courthouse-8fl,10.100.128.26,172.31.168.4,Juniper,2,ex3300-48p,15.1R7-S8.1,GB0215090075:GB0215090547:,
DCG000024,S001-Courthouse-9fl,10.100.128.27,172.31.169.4,Juniper,2,ex3300-48p,15.1R7-S8.1,GB0215090341:GB0216310123:,
DCG000025,S001-Courthouse-Server-1,10.100.128.29,172.31.204.4,Juniper,2,ex3400-48p,15.1X53-D592.1,NY0217510094:NY0217510071:,
DCG000026,S001-Courthouse-Server-2,10.100.128.36,172.31.204.6,Juniper,1,ex4550-32f,12.3R8.7,LX0213388533:,
DCG000027,S001-Courthouse-ClearPass,10.100.129.103,172.31.83.100,Aruba,1,\\C3000 (R630)\\,6.9.9.133760,1HKVV52:,
DCG000028,S001-Courthouse-WLAN,10.100.129.98,172.31.83.5,Aruba,1,A7240-US,8.6.0.15,CX0002018:,
DCG000031,S002-Maloof-Annex-1,10.100.128.210,172.31.17.2,Juniper,1,ex4300-48p,18.1R3-S8.3,PD3715110729:,
DCG000032,S002-Maloof-Annex-2,10.100.128.209,172.31.45.4,Juniper,2,ex3300-48p,15.1R5.5,GB0215230543:GB0215230240:,
DCG000033,S002-Maloof-Annex-BOC,10.100.128.80,172.31.159.4,Juniper,2,ex3300-48p,15.1R5.5,GB0214136030:GB0214135860:,
DCG000034,S003-Maloof-Admin-MDF,10.100.128.234,172.31.12.2,Juniper,2,ex4600-40f,18.4R3-S11.1,TC3716430163:TC3716430168:,
DCG000035,S003-Maloof-Admin-1fl,10.100.128.228,172.31.133.4,Juniper,2,ex3300-48p,15.1R7-S8.1,GB0214135940:GB0215090401:,
DCG000036,S003-Maloof-Admin-2fl,10.100.128.229,172.31.134.4,Juniper,2,ex3300-48p,15.1R7-S8.1,GB0214135999:GB0214137056:,
DCG000037,S003-Maloof-Admin-3fl,10.100.128.230,172.31.135.4,Juniper,3,ex3300-48p,15.1R7-S8.1,GB0214370109:GB0212446320:GE0214504946:,
DCG000038,S003-Maloof-Admin-4fl,10.100.128.231,172.31.136.4,Juniper,2,ex3300-48p,15.1R7-S8.1,GB0215310928:GB0215311186:,
DCG000039,S003-Maloof-Admin-5fl,10.100.128.232,172.31.137.4,Juniper,2,ex3300-48p,15.1R7-S8.1,GB0212466571:GB0214320761:,
DCG000040,S003-Maloof-Admin-6fl,10.100.128.233,172.31.138.4,Juniper,2,ex3300-48p,15.1R7-S8.1,GB0214136064:GB0214136564:,
DCG000041,S004-Public-Defend,10.100.128.245,172.31.170.1,Juniper,4,ex3300-48p,15.1R7-S8.1,GB0214136101:GB0214136911:GB0214135898:GB0214500367:,
DCG000042,S005-Burgess-IT-MDF-1,10.100.129.87,172.31.239.245,Juniper,1,ex4600-40f,18.4R3-S11.1,TC3715360030:,
DCG000043,S005-Burgess-IT-MDF-2,10.100.129.88,172.31.239.246,Juniper,1,ex4600-40f,18.4R3-S11.1,TC3715300013:,
DCG000044,S005-Burgess-Magistrate-Court,10.100.128.10,172.31.40.4,Juniper,2,ex3300-48p,15.1R7-S8.1,GB0212446219:GB0214135897:,
DCG000045,S005-Burgess-PS-Gfl,10.100.129.126,172.31.26.4,Juniper,1,ex3300-48p,15.1R7-S8.1,GB0214320164:,
DCG000046,S005-Burgess-PS-1fl,10.100.129.8,172.31.27.4,Juniper,1,ex3300-48p,15.1R7-S8.1,GB0214136580:,
DCG000047,S005-Burgess-PS-TRAFF,10.100.129.127,172.31.27.5,Juniper,3,ex3400-48p,18.2R3-S7.4,NY3619160662:NY3619100326:NY0217510392:,
DCG000048,S005-Burgess-AnimalSrv,10.100.129.6,172.31.25.4,Juniper,1,ex3400-48p,20.2R3.9,NY3621250193:,
DCG000049,S005-Burgess-PS-911,10.100.129.5,172.16.35.4,Juniper,1,ex3300-48p,15.1R7-S8.1,GB0214270382:,
DCG000050,S005-Burgess-PS-3fl,10.100.129.4,172.31.175.6,Juniper,1,ex3300-48p,15.1R7-S8.1,GB0214320010:,
DCG000051,S005-Burgess-PS-ELS,10.100.129.128,172.31.29.4,Juniper,1,ex2300-48p,15.1X53-D593.4,JW0218440223:,
DCG000052,S005-Burgess-PS-2fl,10.100.129.3,172.31.178.4,Juniper,1,ex3300-48p,15.1R7-S8.1,GB0213325683:,
DCG000053,S005-Burgess-IT-2fl-1,10.100.129.93,172.27.71.4,Juniper,2,ex4300-48p,18.1R3-S12.1,PD3714210375:PD3717050333:,
DCG000054,S005-Burgess-IT-2fl-2,10.100.129.94,172.27.72.4,Juniper,1,ex4300-48p,18.1R3-S12.1,PD3715310281:,
DCG000055,S005-Burgess-IT-2fl-3,10.100.129.95,172.27.73.4,Juniper,1,ex4300-48p,18.1R3-S12.1,PD3715310002:,
DCG000056,S005-Burgess-IT-3fl-1,10.100.129.89,172.27.74.4,Juniper,2,ex4300-48p,18.1R3-S12.1,PD3715160345:PD3715310593:,
DCG000057,S005-Burgess-IT-3fl-2,10.100.129.90,172.27.75.4,Juniper,2,ex4300-48p,18.1R3-S12.1,PD3715310457:PD3715310020:,
DCG000058,S005-Burgess-IT-3fl-3,10.100.129.91,172.27.76.4,Juniper,2,ex4300-48p,18.1R3-S12.1,PD3715310452:PD3715310654:,
DCG000059,S005-Burgess-IT-3fl-4,10.100.129.92,172.27.78.4,Juniper,2,ex3300-48p,15.1R7-S8.1,GB0214360855:GB0213347814:,
DCG000060,S005-Burgess-IT-Network-Test,10.100.129.129,172.27.78.5,Juniper,1,ex4300-48p,18.1R3-S12.1,PD3715030167:,
DCG000061,S005-Burgess-IT-4fl-Helo,10.100.129.145,172.31.32.4,Juniper,1,ex3300-48p,15.1R7-S8.1,GB0215090548:,
DCG000062,S008-Fleet-Maintain-B-Hub,10.100.129.46,172.31.239.248,Juniper,1,ex4300-48p,18.1R3-S12.1,PD3714040059:,
DCG000063,S009-Roadhaven-Hub,10.100.129.57,172.31.239.209,Juniper,1,ex4600-40f,18.4R3-S11.1,TC3715270055:,
DCG000064,S009-Roadhaven-DataCtr3-VMWare,10.100.129.60,172.28.206.4,Juniper,1,ex3300-48p,15.1R7-S8.1,GB0214370122:,
DCG000065,S009-Roadhaven-MaintShop,10.100.129.65,172.28.209.4,Juniper,1,ex3300-48t,15.1R7-S8.1,GA0213420574:,
DCG000066,S009-Roadhaven-SwitchRm,10.100.129.64,172.28.201.5,Juniper,1,ex3400-24p,18.2R3-S7.4,NW3619450887:,
DCG000067,S009-Roadhaven-Data-Ctr4,10.100.128.40,172.28.201.4,Juniper,1,ex3300-48p,15.1R7-S8.1,GB0215250370:,
DCG000068,S009-Roadhaven-Admin-1fl,10.100.129.55,172.28.203.4,Juniper,2,ex3300-48p,15.1R7-S8.1,GB0216050275:GB0215070123:,
DCG000069,S009-Roadhaven-Data-CM,10.100.129.59,172.28.205.8,Juniper,3,ex3300-48p,15.1R7-S8.1,GB0214320441:GB0214320851:GB0214320455:,
DCG000070,S009-Roadhaven-Warehouse,10.100.129.62,172.28.207.4,Juniper,1,ex3400-48p,18.2R3-S7.4,NY0217510015:,
DCG000071,S009-Roadhaven-Data-Ctr1,10.100.129.61,172.28.200.4,Juniper,1,ex3300-48p,15.1R7-S8.1,GB0214320357:,
DCG000072,S009-Roadhaven-Annex,10.100.129.63,172.28.208.1,Juniper,3,ex3300-48p,15.1R7-S8.1,GB0214320837:GB0214135899:GB0214321074:,
DCG000073,S009-Roadhaven-Telemetry,10.100.129.104,172.28.200.21,Juniper,1,Juniper SRX220H2 Internet Router,JUNOS Software Release [12.1X46-D45.4],CF0416AK0057:,
DCG000074,S015-Code-Enforcement-1fl,10.100.129.84,172.23.6.4,Juniper,1,ex3300-48p,15.1R7-S8.1,GB0214490053:,
DCG000075,S015-Code-Enforcement-2fl,10.100.129.85,172.23.6.5,Juniper,1,ex3300-48p,15.1R7-S8.1,GB0214320988:,
DCG000076,S016-East-Precinct-MDF,10.100.128.128,172.30.216.1,Juniper,2,ex4300-48p,18.1R3-S12.1,PD3717510264:PD3713320089:,
DCG000077,S016-East-Precinct-Trailer-1,10.100.128.130,172.30.213.4,Juniper,1,ex2200-24p-4g,15.1R5.5,CV0216280504:,
DCG000078,S016-East-Precinct-Trailer-2,10.100.128.131,172.30.213.5,Juniper,1,ex2200-24p-4g,15.1R5.5,CV0216280326:,
DCG000079,S016-East-Precinct,10.100.128.134,172.30.214.4,Juniper,1,ex3300-48p,15.1R7-S8.1,GB0215381004:,
DCG000080,S016-East-Precinct-Comp-Lab,10.100.128.127,172.30.224.4,Juniper,1,ex2300-24p,15.1X53-D593.4,JY0218340390:,
DCG000081,S018-Chestnut-Park,10.100.128.198,172.27.102.1,Juniper,1,ex3400-48p,18.2R3-S7.4,NY3619501349:,
DCG000083,S021-Road-Drain-Admin,10.100.128.218,172.27.21.1,Juniper,1,ex3400-48p,18.2R3-S7.4,NY0217510266:,
DCG000084,S021-Road-Drain-729A-1,10.100.128.216,172.27.19.1,Juniper,2,ex3400-24p,18.2R3-S7.4,NW0217500268:NW0217500275:,
DCG000087,S122-RD-Sign-Shop,10.100.128.220,172.27.28.1,Juniper,1,ex3400-24p,18.2R3-S7.4,NW0217390111:,
DCG000088,S021-Road-Drain-729B,10.100.128.219,172.27.25.1,Juniper,1,ex3400-48p,18.2R3-S7.4,NY3620200463:,
DCG000089,S021-Road-Drain-YardBldg,10.100.129.86,172.27.25.5,Juniper,1,ex2300-c-12p,15.1X53-D593.4,HV0217130111:,
DCG000091,S021-Road-Drain-727A,10.100.128.96,172.27.23.1,Juniper,2,ex3400-24p,18.2R3-S7.4,NW0217500245:NY3619501273:,
DCG000092,S022-Callanwolde-VPN,10.100.129.80,172.21.35.1,Juniper,1,Juniper SRX220H2 Internet Router,JUNOS Software Release [12.1X46-D40.2],CF4715AK0305:,
DCG000093,S044-Dispute-Resolution,10.100.128.240,172.26.6.1,Juniper,1,ex3400-24p,18.2R3-S7.4,NW3619450037:,
DCG000094,S036-Records-Center,10.100.128.242,172.27.52.1,Juniper,1,ex3300-24p,15.1R7-S8.1,GE0215146961:,
DCG000095,S041-Mason-Mill-Park-2,10.100.128.247,172.21.7.4,Juniper,1,ex2300-c-12p,15.1X53-D593.4,HV0218020436:,
DCG000096,S041-Mason-Mill-Park-1,10.100.129.132,172.21.7.1,Juniper,1,ex2200-48p-4g,15.1R5.5,CT0212110916:,
DCG000097,S042-Human-Services,10.100.128.248,172.23.40.1,Juniper,3,ex3300-48p,15.1R7-S8.1,GB0216390541:GB0217230927:GB0215310634:,
DCG000098,S043-Atl-Senior,10.100.128.249,172.23.80.1,Juniper,1,ex2300-48p,15.1X53-D592.1,JW0218440009:,
DCG000099,S043-Kirkwood-Mental,10.100.128.250,172.23.60.1,Juniper,1,ex2200-c-12p-2g,15.1R5.5,GR0215116030:,
DCG000100,S044-DA-Office-1,10.100.128.2,172.20.15.1,Juniper,1,ex3300-48p,15.1R7-S8.1,GB0213294650:,
DCG000102,S046-Eleanor-Health,10.100.129.1,172.26.50.1,Juniper,1,ex2300-c-12p,15.1X53-D593.4,HV0216480646:,
DCG000103,S050-FS-1,10.100.129.9,172.21.31.1,Juniper,1,ex2300-c-12p,15.1X53-D593.4,HV0218500425:,
DCG000104,S051-FS-2,10.100.129.10,172.22.42.1,Juniper,1,ex2300-c-12p,18.2R3-S7.4,HV3619090665:,
DCG000105,S052-FS-3,10.100.129.11,172.27.40.1,Juniper,1,ex3400-24p,18.2R3-S7.4,NW0217500307:,
DCG000106,S053-FS-5,10.100.129.12,172.28.7.1,Juniper,1,ex2300-c-12p,15.1X53-D593.4,HV0217460470:,
DCG000107,S054-FS-6,10.100.129.13,172.23.8.1,Juniper,1,ex3400-24p,18.2R3-S7.4,NW0217500315:,
DCG000108,S055-FS-7,10.100.129.14,172.23.31.1,Juniper,1,ex2300-c-12p,18.2R3-S7.4,HV3619510193:,
DCG000109,S056-FS-8,10.100.129.15,172.21.17.1,Juniper,1,ex2300-c-12p,18.2R3-S7.4,HV3619091159:,
DCG000110,S057-FS-9,10.100.129.16,172.21.22.1,Juniper,1,ex3400-24p,18.2R3-S7.4,NW0217500319:,
DCG000111,S058-FS-10,10.100.129.17,172.29.27.1,Juniper,1,ex2300-c-12p,18.2R3-S7.4,HV3619510232:,
DCG000112,S059-FS-11,10.100.129.18,172.28.5.1,Juniper,1,ex2300-c-12p,18.2R3-S7.4,HV3619510394:,
DCG000113,S060-FS-12,10.100.129.19,172.24.16.1,Juniper,1,ex2300-c-12p,18.2R3-S7.4,HV3619510239:,
DCG000114,S061-FS-13,10.100.129.20,172.30.141.1,Juniper,1,ex2300-c-12p,18.2R3-S7.4,HV3619510001:,
DCG000115,S062-FS-14,10.100.129.21,172.30.131.1,Juniper,1,ex2300-c-12p,18.2R3-S7.4,HV0218020031:,
DCG000116,S063-FS-15,10.100.129.22,172.22.32.1,Juniper,1,ex2300-c-12p,18.2R3-S7.4,HV3619510208:,
DCG000117,S064-FS-16,10.100.129.23,172.29.105.1,Juniper,1,ex2300-c-12p,18.2R3-S7.4,HV3619510105:,
DCG000118,S065-FS-17,10.100.129.24,172.30.105.1,Juniper,1,ex3400-24p,20.2R3.9,NW3621320284:,
DCG000119,S066-FS-18,10.100.129.25,172.24.13.1,Juniper,1,ex4300-24p,18.1R3-S12.1,PF3718270017:,
DCG000120,S067-FS-19,10.100.129.26,172.21.27.1,Juniper,1,ex3400-24p,18.2R3-S7.4,NW0217500292:,
DCG000121,S068-FS-20,10.100.129.27,172.29.106.1,Juniper,1,ex3400-24p,18.2R3-S7.4,NW0217500229:,
DCG000122,S069-FS-21,10.100.129.28,172.24.32.1,Juniper,1,ex3400-24p,18.2R3-S7.4,NW0217500279:,
DCG000123,S070-FS-22,10.100.129.31,172.21.12.1,Juniper,1,ex2300-c-12p,18.2R3-S7.4,HV3619510097:,
DCG000124,S071-FS-23,10.100.129.32,172.28.2.1,Juniper,1,ex3400-24p,18.2R3-S7.4,NW3619380072:,
DCG000125,S072-FS-24,10.100.129.33,172.27.46.1,Juniper,1,ex2300-c-12p,18.2R3-S7.4,HV3619510013:,
DCG000126,S073-Fire-Academy-Main,10.100.129.36,172.29.104.1,Juniper,1,ex2300-c-12p,15.1X53-D593.4,HV0218400237:,
DCG000127,S073-Fire-Academy-A,10.100.129.37,172.29.104.6,Juniper,1,ex3400-48p,18.2R3-S7.4,NY3620250605:,
DCG000128,S073-Fire-Academy-B,10.100.129.34,172.29.104.5,Juniper,1,ex2200-c-12p-2g,12.3R12.4,GR0214419853:,
DCG000129,S073-Fire-Academy-C,10.100.129.35,172.29.104.7,Juniper,1,ex3400-24p,18.2R3-S7.4,NW0217500228:,
DCG000130,S075-Medical-Exam,10.100.129.40,172.27.17.4,Juniper,2,ex3300-48p,15.1R7-S8.1,GB0215270791:GB0216310136:,
DCG000131,S078-Gresham-Park,10.100.129.43,172.29.40.1,Juniper,1,ex3400-24p,18.2R3-S7.4,NW0217500298:,
DCG000132,S080-Hamiton-Senior,10.100.129.49,172.27.20.1,Juniper,1,ex2300-48p,15.1X53-D593.4,JW0218440003:,
DCG000133,S081-Honey-Creek,10.100.129.50,172.30.60.1,Juniper,1,ex2300-c-12p,15.1X53-D592.1,HV0217130168:,
DCG000134,S084-Health-East,10.100.129.51,172.30.106.1,Juniper,1,ex2300-c-12p,15.1X53-D593.4,HV0218400205:,
DCG000135,S087-NH-Scott-Park,10.100.129.53,172.23.15.1,Juniper,1,ex3300-24p,15.1R7-S8.1,GE0218500261:,
DCG000136,S088-Mental-Health,10.100.129.54,172.24.9.1,Juniper,1,ex2300-c-12p,15.1X53-D593.4,HV0217460288:,
DCG000137,S090-Midway-Park,10.100.129.66,172.23.21.1,Juniper,1,ex2300-c-12p,15.1X53-D593.4,HV0218020489:,
DCG000138,S091-North-Tag,10.100.129.67,172.22.36.1,Juniper,1,ex3400-48p,20.4R3.8,NY3621250118:,
DCG000139,S091-North-Tag-Gratis,10.100.129.133,172.22.36.10,Palo Atlo,1,PA-220,10.0.10,012801222834:,
DCG000140,S093-ParksRec-East,10.100.129.72,172.30.119.1,Juniper,1,ex3300-24p,15.1R7-S8.1,GE0214525029:,
DCG000141,S112-Pulverization,10.100.129.73,172.22.12.1,Juniper,1,ex2300-c-12p,15.1X53-D59.4,HV0218400313:,
DCG000142,S095-San-South,10.100.129.131,172.29.14.1,Juniper,1,ex3300-24p,15.1R7-S8.1,GE0215463525:,
DCG000143,S095-San-South-Trailer-1,10.100.129.148,172.29.14.5,Juniper,1,ex2300-c-12p,15.1X53-D593.4,HV0218400261:,
DCG000144,S095-San-South-Trailer-2,10.100.129.149,172.29.14.6,Juniper,1,ex2300-c-12p,15.1X53-D593.4,HV0218400201:,
DCG000145,S095-San-South-Trailer-3,10.100.129.150,172.29.14.7,Juniper,1,ex3400-24p,18.2R3-S7.4,NW0217500273:,
DCG000146,S095-San-South-Trailer-4,10.100.129.151,172.29.14.8,Juniper,1,ex2300-c-12p,15.1X53-D593.4,HV0218400223:,
DCG000147,S095-San-South-Trailer-5,10.100.129.152,172.29.14.9,Juniper,1,ex2300-c-12p,15.1X53-D593.4,HV0218400054:,
DCG000149,S100-Narcotics,10.100.128.38,172.20.19.1,Juniper,1,ex3400-48p,18.2R3-S7.4,NY0217150495:,
DCG000150,S105-Family-Center,10.100.129.83,172.23.70.1,Juniper,1,ex2200-24p-4g,15.1R5.5,CV0215150700:,
DCG000151,S108-Sanitation-Trailer,10.100.128.42,172.31.42.1,Juniper,1,ex2200-48p-4g,15.1R5.5,CT0215170122:,
DCG000152,S110-Sanitation-East,10.100.128.43,172.30.115.1,Juniper,1,ex3400-24p,18.2R3-S7.4,NW0217500287:,
DCG000153,S111-Sanitation-North,10.100.128.44,172.22.27.1,Juniper,1,ex4300-24p,18.1R3-S12.1,PF3713450067:,
DCG000154,S113-Seminole-Main,10.100.128.45,172.29.110.1,Juniper,1,ex3400-24p,18.2R3-S7.4,NW0216430640:,
DCG000155,S113-Seminole-Admin,10.100.128.46,172.29.110.8,Juniper,1,ex3400-24p,20.2R3.9,NW3621320211:,
DCG000156,S113-Seminole-Compost,10.100.128.47,172.29.110.9,Juniper,1,ex3400-24p,18.2R3-S7.4,NW0217500291:,
DCG000157,S113-Seminole-REF,10.100.128.48,172.29.110.5,Juniper,1,ex3400-24p,18.2R3-S7.4,NW0217500290:,
DCG000158,S113-Seminole-Driver,10.100.128.49,172.29.110.6,Juniper,1,ex2300-c-12p,15.1X53-D593.4,HV0218400163:,
DCG000159,S113-Seminole-Scale-House,10.100.128.50,172.29.110.7,Juniper,1,ex2300-c-12p,15.1X53-D593.4,HV0218020451:,
DCG000160,S114-Sanitation-South,10.100.128.51,172.29.180.1,Juniper,1,ex3400-24p,18.2R3-S7.4,NW0217500276:,
DCG000163,S115-Sheriff-Intake,10.100.128.55,172.31.123.4,Juniper,1,ex3300-48p,15.1R7-S8.1,GB0216390543:,
DCG000167,S116-South-Senior,10.100.128.68,172.23.10.1,Juniper,2,ex3300-48p,15.1R7-S8.1,GB0214136225:GB0214136351:,
DCG000168,S120-4380-MDF,10.100.128.69,172.31.19.4,Juniper,2,ex4600-40f,18.4R3-S11.1,TC3716240089:TC3121080244:,
DCG000169,S120-4380-1A,10.100.128.72,172.31.126.4,Juniper,2,ex3400-48p,18.2R3-S7.4,NY3620250875:NY3620250138:,
DCG000170,S120-4380-1B,10.100.129.136,172.31.126.5,Juniper,1,ex3300-48p,15.1R5.5,GB0215270762:,
DCG000171,S120-4380-2,10.100.128.73,172.31.127.4,Juniper,2,ex3400-48p,18.2R3-S7.4,NY3620190721:NY3620250207:,
DCG000172,S120-4380-3,10.100.128.74,172.31.154.4,Juniper,2,ex3400-48p,18.2R3-S7.4,NY3620201210:NY3620201008:,
DCG000173,S120-4380-4A,10.100.128.75,172.31.155.4,Juniper,1,ex3400-48p,18.2R3-S7.4,NY3620250953:,
DCG000174,S120-4380-4B,10.100.128.121,172.31.155.5,Juniper,1,ex3300-48p,15.1R7-S8.1,GB0220200009:,
DCG000175,S120-4380-Tire,10.100.128.77,172.31.205.1,Juniper,1,ex2300-c-12p,15.1X53-D593.4,HV0218400309:,
DCG000176,S120-4380-Records,10.100.128.76,172.31.154.10,Juniper,1,ex2300-c-12p,15.1X53-D593.4,HV0216500179:,
DCG000177,S120-4380-Facilities,10.100.128.70,172.27.161.4,Juniper,2,ex3300-48p,15.1R7-S8.1,GB0215270515:GB0215090533:,
DCG000178,S120-4380-EMS,10.100.128.16,172.27.15.4,Juniper,1,ex3400-48p,18.2R3-S7.4,NY3619501218:,
DCG000179,S120-4380-TC-Gratis,10.100.129.134,172.31.154.11,Palo Alto,1,PA-220,10.0.10,012801093725:,
DCG000180,S121-Tobie-Grant-Park,10.100.128.203,172.27.30.4,Juniper,2,ex3400-48p,20.2R3.9,NY3621250037:NY3621250061:,
DCG000181,S122-RD-TCC,10.100.128.79,172.27.9.1,Juniper,1,ex3400-24p,18.2R3-S7.4,NW0217500325:,
DCG000182,S122-Welding-Shop,10.100.129.137,172.27.9.6,Juniper,1,ex2300-c-12p,15.1X53-D593.4,HV0218500097:,
DCG000183,S122-GDOT-TCC,10.100.129.138,172.27.9.10,Palo Alto,1,PA-220,10.0.10,012801093680:,
DCG000184,S125-SC-Maint,10.100.128.83,172.24.6.1,Juniper,1,ex3400-24p,18.1R3-S8.3,NW0217500304:,
DCG000185,S125-SC-MDF,10.100.128.84,172.24.51.4,Juniper,1,ex4600-40f,18.4R2-S7.4,TC3121080700:,
DCG000186,S125-SC-IDF,10.100.128.85,172.24.53.4,Juniper,2,ex3300-48p,15.1R5.5,GB0214320301:GB0218490252:,
DCG000187,S125-SC-DEMA-Internet,10.100.128.87,172.24.56.10,Palo Alto,1,PA-220,10.0.10,012801017609:,
DCG000188,S125-SC-DEMA-WLAN,10.100.129.99,172.24.55.254,Aruba,1,A7010-US,8.7.1.7,CG0023313:,
DCG000189,S126-Polebridge,10.100.128.88,172.30.110.1,Juniper,2,ex4300-48p,18.1R3-S12.1,PD3718270367:PF3718270028:,
DCG000190,S126-Polebridge-Maint,10.100.128.5,172.30.111.4,Juniper,1,ex2300-c-12p,15.1X53-D592.1,HV0217130370:,
DCG000191,S126-Polebridge-SCADA,10.100.128.205,172.30.110.10,Palo Alto,1,PA-500,8.0.15,0006C108473:,
DCG000192,S128-Snapfinger-MDF,10.100.128.89,172.29.100.1,Juniper,2,ex3400-48p,18.2R3-S4.1,NY3619500058:NY3619500116:,
DCG000194,S128-Snapfinger-User-2,10.100.128.91,172.29.101.4,Juniper,1,ex3300-48p,12.3R9.4,GB0215440700:,
DCG000195,S133-Radio-Tower,10.100.128.93,172.27.3.1,Juniper,1,ex2300-c-12p,18.2R3-S7.4,HV0217290077:,
DCG000196,S136-Arabia-Mountain,10.100.128.97,172.30.125.1,Juniper,1,ex3300-24p,15.1R7-S8.1,GE0214525132:,
DCG000197,S138-Lucious-Sanders,10.100.128.98,172.30.120.4,Juniper,1,ex2200-24p-4g,12.3R12.4,CV0215150272:,
DCG000199,S141-Sugar-Creek,10.100.128.101,172.29.45.1,Juniper,1,ex2200-24p-4g,15.1R5.5,CV0215150064:,
DCG000200,S143-Record-Court-MDF,10.100.128.103,172.31.185.1,Juniper,1,ex3400-48p,18.3R3-S4.3,NY0217150197:,
DCG000201,S143-Record-Court,10.100.128.102,172.31.187.4,Juniper,1,ex3400-48p,18.3R3-S4.3,NY0217080544:,
DCG000202,S151-Firing-Range,10.100.128.104,172.30.151.1,Juniper,1,ex2300-c-12p,18.2R3-S7.4,HV0216500456:,
DCG000203,S152-North-DeKalb-Health,10.100.128.105,172.22.28.1,Juniper,1,ex2200-24p-4g,12.3R12.4,CV0215150315:,
DCG000204,S153-Winn-Way,10.100.128.107,172.31.38.1,Juniper,1,ex3300-24p,15.1R7-S8.1,GE0214372050:,
DCG000205,S180-Crisis-Center,10.100.128.106,172.31.48.1,Juniper,1,ex2300-c-12p,15.1X53-D593.4,HV0217130347:,
DCG000206,S154-Courthouse-Annex-MDF,10.100.128.117,172.31.144.2,Juniper,2,ex4600-40f,18.4R3-S11.1,TC3716300237:TC3715500112:,
DCG000207,S154-Courthouse-Annex-Gfl,10.100.128.118,172.31.153.4,Juniper,2,ex3300-48p,15.1R7-S8.1,GB0215340709:GB0215341371:,
DCG000208,S154-Courthouse-Annex-Bfl,10.100.128.115,172.31.152.4,Juniper,3,ex3300-48p,15.1R7-S8.1,GB0214500804:GB0214320224:GB0215230642:,
DCG000209,S154-Courthouse-Annex-1fl,10.100.128.108,172.31.145.4,Juniper,2,ex3300-48p,15.1R7-S8.1,GB0215270732:GB0214300238:,
DCG000210,S154-Courthouse-Annex-2fl,10.100.128.109,172.31.146.4,Juniper,2,ex3300-48p,15.1R7-S8.1,GB0214135962:GB0214500167:,
DCG000211,S154-Courthouse-Annex-3fl,10.100.128.110,172.31.147.4,Juniper,2,ex3300-48p,15.1R7-S8.1,GB0214320773:GB0215070317:,
DCG000212,S154-Courthouse-Annex-4fl,10.100.128.111,172.31.148.4,Juniper,1,ex3300-48p,15.1R7-S8.1,GB0215341370:,
DCG000213,S154-Courthouse-Annex-5fl,10.100.128.112,172.31.149.4,Juniper,2,ex3300-48p,15.1R7-S8.1,GB0216320474:GE0214099141:,
DCG000214,S154-Courthouse-Annex-6fl,10.100.128.113,172.31.150.4,Juniper,2,ex3300-48p,15.1R7-S8.1,GB0214500706:GB0214135930:,
DCG000215,S154-Courthouse-Annex-7fl,10.100.128.114,172.31.151.4,Juniper,2,ex3300-48p,15.1R7-S8.1,GB0214500063:GB0215340361:,
DCG000216,S154-Courthouse-Annex-Public,10.100.128.92,172.31.172.4,Juniper,1,ex3300-48p,15.1R7-S8.1,GB0214197709:,
DCG000217,S118-South-Tag,10.100.128.119,172.25.20.1,Juniper,1,ex3300-48p,15.1R7-S8.1,GB0218510038:,
DCG000218,S118-South-Tag-Gratis,10.100.128.120,172.25.20.40,Juniper,1,Juniper SRX220H2-POE Internet Router,JUNOS Software Release [12.1X44-D20.3],CG3913AK0071:,
DCG000219,S157-Firestation-4-MDF,10.100.128.122,172.29.32.1,Juniper,1,ex3400-24p,18.2R3-S7.4,NW0217500226:,
DCG000221,S158-FS-26,10.100.129.139,172.20.10.1,Juniper,1,ex2300-c-12p,18.2R3-S7.4,HV3619510033:,
DCG000222,S159-Tucker-Precinct-MDF,10.100.128.126,172.28.13.1,Juniper,1,ex3400-48p,18.2R3-S7.4,NY0217310515:,
DCG000223,S159-Tucker-Precinct,10.100.128.125,172.28.15.4,Juniper,1,ex3300-48p,15.1R7-S8.1,GB0214500741:,
DCG000224,S161-PDK-Airport-Maintenance,10.100.129.82,172.25.50.1,Juniper,1,ex2200-c-12p-2g,12.3R12.4,GR0215034552:,
DCG000225,S163-Lou-Walker-1,10.100.128.137,172.30.70.1,Juniper,2,ex3400-48p,18.2R3-S7.4,NY0217150192:NY0217030271:,
DCG000226,S163-Lou-Walker-2,10.100.128.135,172.30.70.5,Juniper,2,ex3300-48p,15.1R7-S8.1,GB0215340409:GB0215341042:,
DCG000231,S165-Junvenile-Court-MDF,10.100.128.155,172.27.138.1,Juniper,2,ex4600-40f,18.4R3-S11.1,TC3715360143:TC3718300235:,
DCG000232,S165-Junvenile-Court-Bfl,10.100.128.154,172.27.142.4,Juniper,1,ex3300-24p,15.1R7-S8.1,GE0215167604:,
DCG000233,S165-Junvenile-Court-1fl-1,10.100.128.146,172.27.143.4,Juniper,2,ex3300-48p,15.1R7-S8.1,GB0215230510:GB0215230586:,
DCG000234,S165-Junvenile-Court-2fl-1,10.100.128.148,172.27.144.4,Juniper,2,ex3300-48p,15.1R7-S8.1,GB0215230246:GB0215231237:,
DCG000235,S165-Junvenile-Court-3fl-1,10.100.128.150,172.27.145.4,Juniper,2,ex3300-48p,15.1R7-S8.1,GB0215230417:GB0215270681:,
DCG000236,S165-Junvenile-Court-4fl-1,10.100.128.152,172.27.146.4,Juniper,1,ex3300-48p,15.1R7-S8.1,GB0215230185:,
DCG000237,S165-Junvenile-Court-1fl-2,10.100.128.147,172.27.147.4,Juniper,1,ex3300-48p,15.1R7-S8.1,GB0215230961:,
DCG000238,S165-Junvenile-Court-2fl-2,10.100.128.149,172.27.148.4,Juniper,1,ex3300-48p,15.1R7-S6.3,GB0214270081:,
DCG000239,S165-Junvenile-Court-3fl-2,10.100.128.151,172.27.149.4,Juniper,1,ex3300-48p,15.1R7-S8.1,GB0215230813:,
DCG000240,S165-Junvenile-Court-4fl-2,10.100.128.153,172.27.150.4,Juniper,1,ex3300-48p,15.1R7-S8.1,GB0212161104:,
DCG000243,S166-WEX-MDF-1,10.100.128.190,172.31.221.4,Juniper,2,ex3400-48p,18.2R3-S7.4,NY0217310682:NY0216410145:,
DCG000244,S166-WEX-Server-1,10.100.128.176,172.31.221.11,Juniper,1,ex4300-48t,18.4R2-S7.4,PE3715030378:,
DCG000245,S166-WEX-Server-2,10.100.128.181,172.31.221.12,Juniper,1,ex4300-48t,18.4R2-S7.4,PE3715190268:,
DCG000246,S166-WEX-Server-3,10.100.128.182,172.31.221.13,Juniper,1,ex4300-48t,18.4R2-S7.4,PE3715030405:,
DCG000247,S166-WEX-Server-4,10.100.128.183,172.31.221.14,Juniper,1,ex4300-48t,18.4R2-S7.4,PE3715030121:,
DCG000248,S166-WEX-Server-5,10.100.128.184,172.31.221.15,Juniper,1,ex4300-48t,18.4R2-S7.4,PE3715030417:,
DCG000249,S166-WEX-Server-6,10.100.128.185,172.31.221.16,Juniper,1,ex4300-48t,18.4R2-S7.4,PE3713420100:,
DCG000250,S166-WEX-Server-7,10.100.128.186,172.31.221.17,Juniper,1,ex4300-48t,18.4R2-S7.4,PE3714100067:,
DCG000251,S166-WEX-Server-8,10.100.128.187,172.31.221.18,Juniper,1,ex4300-48t,18.4R2-S7.4,PE3714100727:,
DCG000252,S166-WEX-Server-9,10.100.128.188,172.31.221.19,Juniper,1,qfx5100-48s-6q,14.1X53-D27.3,TA3714140760:,
DCG000253,S166-WEX-Server-10,10.100.128.177,172.31.221.20,Juniper,1,qfx5100-48s-6q,14.1X53-D27.3,TA3714141051:,
DCG000254,S166-WEX-Server-11,10.100.128.178,172.31.221.21,Juniper,1,qfx5100-48s-6q,14.1X53-D27.3,TA3714141444:,
DCG000255,S166-WEX-Server-12,10.100.128.179,172.31.221.22,Juniper,1,qfx5100-48s-6q,14.1X53-D27.3,TA3714141001:,
DCG000256,S166-WEX-Server-13,10.100.128.180,172.31.221.23,Juniper,2,ex4300-48t,18.4R2-S7.4,PE3717270668:PE3717270284:,
DCG000257,S166-WEX-1960-1fl-E,10.100.128.157,172.31.232.4,Juniper,1,ex3300-48p,15.1R7-S8.1,GB0219070182:,
DCG000258,S166-WEX-1950-1fl-N,10.100.128.158,172.31.216.4,Juniper,1,ex2300-c-12p,15.1X53-D593.4,HV0218400102:,
DCG000259,S166-WEX-1960-1fl-W,10.100.128.159,172.31.227.4,Juniper,2,ex3300-48p,15.1R7-S8.1,GB0218510240:GB0218510224:,
DCG000260,S166-WEX-1950-2fl-E,10.100.128.162,172.31.222.4,Juniper,1,ex3300-48p,15.1R7-S8.1,GB0216310111:,
DCG000261,S166-WEX-1960-2fl-E,10.100.128.160,172.31.233.4,Juniper,1,ex3300-48p,15.1R7-S8.1,GB0216390561:,
DCG000262,S166-WEX-1950-2fl-N,10.100.128.161,172.31.217.4,Juniper,1,ex3300-48p,15.1R7-S8.1,GB0215060777:,
DCG000263,S166-WEX-1950-2fl-W,10.100.128.163,172.31.228.4,Juniper,2,ex3300-48p,15.1R7-S8.1,GB0216390984:GB0216390563:,
DCG000264,S166-WEX-1960-3fl-E,10.100.128.164,172.31.234.4,Juniper,2,ex3400-48p,18.2R3-S7.4,NY3619160514:NY3619230283:,
DCG000265,S166-WEX-1950-3fl-N,10.100.128.165,172.31.218.4,Juniper,2,ex3300-48p,15.1R7-S8.1,GB0217230852:GB0216310370:,
DCG000266,S166-WEX-1950-3fl-S,10.100.128.166,172.31.223.4,Juniper,2,ex3400-48p,20.2R3.9,NY3621250146:NY3621250295:,
DCG000267,S166-WEX-1960-3fl-W,10.100.128.167,172.31.229.4,Juniper,2,ex3300-48p,15.1R7-S8.1,GB0216390574:GB0216390988:,
DCG000268,S166-WEX-1960-4fl-E,10.100.128.168,172.31.235.4,Juniper,2,ex3300-48p,15.1R7-S8.1,GB0216310739:GB0216270631:,
DCG000269,S166-WEX-1950-4fl-N,10.100.128.169,172.31.219.4,Juniper,1,ex3300-48p,15.1R7-S8.1,GB0216310685:,
DCG000270,S166-WEX-1950-4fl-S,10.100.128.170,172.31.224.4,Juniper,2,ex3300-48p,15.1R7-S8.1,GB0216310550:GB0216300532:,
DCG000271,S166-WEX-1960-4fl-W,10.100.128.171,172.31.230.4,Juniper,2,ex3300-48p,15.1R7-S8.1,GB0216390596:GE0214351486:,
DCG000272,S166-WEX-1950-5fl-N,10.100.128.172,172.31.220.4,Juniper,3,ex3300-48p,15.1R7-S8.1,GB0216310390:GB0216310100:GB0216310274:,
DCG000273,S166-WEX-1960-5fl-S,10.100.128.173,172.31.225.4,Juniper,1,ex3300-48p,15.1R7-S8.1,GB0215341345:,
DCG000274,S166-WEX-1950-Trans,10.100.128.192,172.31.238.4,Juniper,1,ex3300-48p,15.1R7-S8.1,GB0217130404:,
DCG000275,S166-WEX-Family-Proc,10.100.128.189,172.31.198.4,Juniper,1,ex3300-48p,15.1R7-S8.1,GB0214320062:,
DCG000276,S166-WEX-AMR,10.100.129.101,172.31.248.39,Juniper,1,Juniper SRX210HE2 Internet Router,JUNOS Software Release [12.1X46-D20.5],CD5213AK1067:,
DCG000277,S166-WEX-DEMA-Internet,10.100.129.102,172.19.65.10,Juniper,1,Juniper SRX240H Internet Router,JUNOS Software Release [10.4R8.5],AG4209AA0195:,
DCG000278,S166-WEX-911-Core-1,10.100.129.109,172.19.3.2,Juniper,2,ex4600-40f,18.4R3-S11.1,TC3717480068:TC3717480162:,
DCG000279,S166-WEX-911-Core-2,10.100.129.110,172.19.4.2,Juniper,2,ex4600-40f,18.4R3-S11.1,TC3717480068:TC3717480162:,
DCG000280,S166-WEX-911,10.100.129.112,172.19.20.4,Juniper,3,ex4300-48p,18.1R3-S12.1,PD3717510263:PD3717510200:PD3717480588:,
DCG000281,S166-WEX-GCIC,10.100.128.14,172.31.215.24,Juniper,1,Juniper SRX240H Internet Router,JUNOS Software Release [11.4R5.5],AG2409AA0026:,
DCG000282,S166-WEX-Panorama,10.100.128.9,172.31.111.11,Palo Alto,1,Panorama,10.1.3-h1,0007D100689:,
DCG000283,S166-WEX-DEMA,10.100.129.142,172.19.21.3,Juniper,1,ex2300-c-12p,18.2R3-S7.4,HV3619090827:,
DCG000284,S166-WEX-DEMA-WLAN,10.100.129.100,172.19.21.254,Aruba,1,A7010-US,8.6.0.15,CG0023023:,
DCG000285,S166-WEX-LB-Int-Host-1,10.100.129.154,172.31.221.51,F5,1,BIG-IP i2600,13.1.5,f5-yomd-ohan:,
DCG000286,S166-WEX-LB-Int-Host-2,10.100.129.155,172.31.221.52,F5,1,BIG-IP i2600,13.1.5,f5-ixgh-cyqn:,
DCG000287,S166-WEX-LB-Int-Prod-1,10.100.129.156,172.31.112.18,F5,1,Interface,11.5.4,None,
DCG000288,S166-WEX-LB-Int-Prod-2,10.100.129.157,172.31.112.19,F5,1,Interface,11.5.4,None,
DCG000289,S166-WEX-LB-Int-Traff,10.100.128.6,172.31.112.20,F5,1,Interface,11.5.4,None,
DCG000290,S166-WEX-LB-Int-App,10.100.129.158,172.31.112.21,F5,1,Interface,11.5.4,None,
DCG000291,S166-WEX-LB-Int,10.100.129.159,172.31.112.22,F5,1,Interface,11.5.4,None,
DCG000292,S166-WEX-LB-Int-FS,10.100.129.160,172.31.112.24,F5,1,Interface,11.5.4,None,
DCG000293,S169-Fleet-Maint-Fire,10.100.128.194,172.28.22.1,Juniper,1,ex3400-24p,18.2R3-S7.4,NW3619450305:,
DCG000294,S169-Fleet-Maint-Admin,10.100.129.96,172.28.22.4,Juniper,1,ex3400-48p,18.2R3-S7.4,NY3619501274:,
DCG000295,S169-Fleet-Maint-Auto,10.100.129.97,172.28.22.7,Juniper,1,ex3400-48p,18.2R3-S7.4,NY0217510011:,
DCG000296,S169-Fleet-Maint-Lube,10.100.128.41,172.28.22.6,Juniper,1,ex2300-c-12p,18.2R3-S7.4,HV3619510374:,
DCG000297,S171-FS-26,10.100.128.196,172.23.50.1,Juniper,1,ex3400-24p,18.2R3-S7.4,NW0217500265:,
DCG000298,S177-Porter-Sanford,10.100.128.197,172.29.177.1,Juniper,2,ex3300-48p,15.1R7-S8.1,GB0215090007:GB0215230621:,
DCG000299,S182-WEX-CAD-Core,10.100.129.107,172.31.248.1,Juniper,2,ex4600-40f,18.4R3-S11.1,TC3716410201:TC3716410230:,
DCG000300,S182-WEX-CAD-MDF-1,10.100.129.161,172.31.248.5,Juniper,3,ex4300-48t,18.1R3-S12.1,PE3716400266:PE3716400068:PE3716400281:,
DCG000301,S182-WEX-CAD-MDF-2,10.100.129.162,172.31.248.6,Juniper,3,ex4300-48t,18.1R3-S12.1,PE3716400163:PE3716400074:PE3716400268:,
DCG000302,S182-WEX-CAD,10.100.129.111,172.31.248.4,Juniper,2,ex4300-48t,18.1R3-S12.1,PE3716400050:PE3716400265:,
DCG000303,S182-WEX-CAD-PL-Test,10.100.129.153,172.31.247.4,Juniper,1,ex4300-48t,18.1R3-S12.1,PE3716400267:,
DCG000304,S184-Leroy-Scott-MDF,10.100.128.11,172.27.159.1,Juniper,3,ex3400-48p,18.2R3-S7.4,NY0217510108:NY0218460437:NW0217500257:,
DCG000306,S184-Leroy-Scott-Scalehouse,10.100.128.13,172.27.160.4,Juniper,1,ex2300-c-12p,15.1X53-D593.4,HV0218400171:,
DCG000307,S187-Little-Creek-Farm,10.100.128.201,172.20.16.1,Juniper,1,ex3300-48p,15.1R7-S8.1,GB0215340431:,
DCG000308,S189-Redan-Park,10.100.128.200,172.30.189.1,Juniper,1,ex2200-24p-4g,12.3R6.6,CV0215150180:,
DCG000309,S190-HR-Trailer,10.100.128.71,172.19.190.1,Juniper,1,ex3300-48p,15.1R6-S2.1,GB0215230644:,
DCG000310,S191-Exchange-Park,10.100.128.206,172.29.190.1,Juniper,2,ex2300-48p,18.2R3-S7.4,JW0217190475:JW0217460090:,
DCG000311,S192-South-Precinct,10.100.128.207,172.29.116.1,Juniper,5,ex3400-48p,18.2R3-S7.4,NY0217310566:NY0217310596:NY0217310583:NY0217310499:NY0217310537:,
DCG000312,S195-Central-Senior,10.100.128.208,172.21.195.1,Juniper,2,ex3300-48p,15.1R7-S8.1,GB0214135996:GB0214136621:,
DCG000313,S199-WS-CIP-MDF,10.100.129.119,172.31.239.199,Juniper,1,ex4600-40f,18.4R3-S11.1,TC3715360139:,
DCG000314,S199-WS-CIP-1,10.100.129.120,172.27.81.4,Juniper,2,ex3300-48p,15.1R7-S8.1,GB0215231014:GB0215340667:,
DCG000315,S199-WS-CIP-2,10.100.129.121,172.27.82.4,Juniper,2,ex3300-48p,15.1R7-S8.1,GB0215340278:GB0211427609:,
DCG000316,S199-WS-CIP-3,10.100.129.122,172.27.83.4,Juniper,2,ex3300-48p,15.1R7-S8.1,GB0215340293:GB0215340547:,
DCG000317,S199-WS-CIP-4,10.100.129.123,172.27.84.4,Juniper,2,ex3300-48p,15.1R7-S8.1,GB0213389046:GB0217230754:,
DCG000318,S199-WS-CIP-5,10.100.129.124,172.27.85.4,Juniper,2,ex3300-48p,15.1R7-S8.1,GB0215310399:GB0214360109:,
DCG000319,S199-WS-CIP-6,10.100.129.125,172.27.86.4,Juniper,2,ex3300-48p,15.1R7-S8.1,GB0215310967:GB0213441161:,
DCG000320,S200-UCO-MDF,10.100.128.212,172.31.239.200,Juniper,1,ex4600-40f,18.4R3-S11.1,TC3715360128:,
DCG000322,S200-UCO-Stack1,10.100.128.214,172.31.156.4,Juniper,2,ex3400-48p,18.2R3-S7.4,NY3619500022:NY3619500376:,
DCG000323,S200-UCO-Stack2,10.100.128.215,172.31.157.4,Juniper,2,ex3400-48p,18.2R3-S7.4,NY3619501350:NY0217510057:,
DCG000324,S200-Workforce,10.100.128.39,172.20.20.4,Juniper,5,ex3400-48p,18.4R3-S9.2,NY0217510360:NY0216470172:NY0217510390:NY0217510242:NY0217510274:,
DCG000325,S200-DOL,10.100.128.99,172.20.20.5,Juniper,1,ex3400-24p,18.2R3-S7.4,NW0217030067:,
DCG000326,S200-UCO-Backup-Circuit,10.100.128.199,172.20.20.10,Palo Alto,1,PA-220,10.0.10,012801093837:,
DCG000328,S043-Atl-Senior-Comp-Lab,10.100.128.138,172.23.80.6,Juniper,1,ex2200-24p-4g,12.3R12.4,CV0212315222:,
DCG000329,S003-Maloof-Admin-DCTV-NAT,10.100.128.142,172.31.133.26,Palo Alto,1,PA-220,10.0.10,012801006880:,
DCG000330,S202-Animal-Shelter-Backup,10.100.128.145,172.22.51.10,Palo Alto,1,PA-220,10.0.10,012801011091:,
DCG000331,S202-Animal-Shelter,10.100.128.156,172.22.51.4,Juniper,5,ex3300-48p,15.1R7-S8.1,GB0217020026:GB0217020665:GB0217020685:GB0216390726:GB0216390748:,
DCG000332,S115-Sheriff-30-MDF,10.100.128.202,172.27.203.4,Juniper,2,ex4300-48p,18.1R3-S12.1,PD3718430084:PD3718270387:,
DCG000333,S196-Mini-Precinct,10.100.128.204,172.20.23.1,Juniper,1,ex3300-24p,15.1R7-S8.1,GE0214120349:,
DCG000335,S038-PDK-Airport,10.100.128.28,172.22.20.1,Juniper,1,ex3300-48p,15.1R7-S8.1,GB0214280632:,
DCG000336,S166-WEX-ClearPass,10.100.128.191,172.31.221.50,Aruba,1,C3000V,6.9.9.133760,None:,
DCG000337,S166-WEX-DEMA-Internet-TBD,10.100.129.70,172.19.65.5,Palo Alto,1,PA-220,9.1.11-h3,012801116051:,
DCG000338,S141-Sugar-Creek-Maintenance,10.100.128.224,172.29.107.1,Juniper,1,ex2300-c-12p,15.1X53-D593.4,HV0217130137:,
DCG000339,S001-Courthouse-Azure-East,10.100.128.225,10.150.63.254,Azure,1,Tunnel,None,None,
DCG000341,S075-Medical-Exam-Backup,10.100.129.39,172.27.17.10,Palo Alto,1,PA-220,10.0.10,012801014511:,
DCG000342,S122-RD-TCC-Hub,10.100.128.235,172.27.9.5,Juniper,1,ex2300-c-12p,15.1X53-D593.4,HV0217130412:,
DCG000343,S009-Roadhaven-Admin-2fl,10.100.128.236,172.28.203.5,Juniper,1,ex2200-48p-4g,15.1R7-S8.1,CT0215511087:,
DCG000344,S201-North-Senior,10.100.128.237,172.22.38.1,Juniper,2,ex3300-48p,15.1R7-S8.1,GB0214135989:GB0216390932:,
DCG000345,S033-Dekalb-BOH-VPN,10.100.128.238,172.29.109.10,Palo Alto,1,PA-220,8.0.7,012801040245:,
DCG000346,S033-Dekalb-BOH,10.100.128.239,172.29.109.4,Juniper,1,ex2300-c-12p,15.1X53-D593.4,HV0217460339:,
DCG000347,S166-WEX-911-MDF-1,10.100.128.241,172.19.50.5,Juniper,4,ex4300-48p,18.1R3-S12.1,PD3717510262:PD3717480604:PD3717510296:PD3717510216:,
DCG000348,S166-WEX-911-MDF-2,10.100.128.243,172.19.50.6,Juniper,4,ex4300-48p,18.1R3-S12.1,PD3717510241:PD3717510018:PD3717480452:PD3717510278:,
DCG000349,S128-Snapfinger-SCADA,10.100.128.244,172.29.100.5,Juniper,1,ex3400-24p,18.2R3-S7.4,NW3619450079:,
DCG000350,S128-Snapfinger-SCADA-1,10.100.128.246,172.29.100.10,Palo Alto,1,PA-500,8.1.18,0006C108442:,
DCG000351,S128-Snapfinger-SCADA-2,10.100.128.251,172.29.100.11,Palo Alto,1,PA-500,8.1.18,0006C108431:,
DCG000352,S122-Incinerator,10.100.128.252,172.27.28.5,Juniper,1,ex2300-c-12p,15.1X53-D593.4,HV0217130398:,
DCG000355,S125-SC-Pump-Station,10.100.128.86,172.24.52.4,Juniper,1,ex2300-c-12p,15.1X53-D592.1,HV0217460412:,
DCG000356,S115-Sheriff-2fl-Warrants,10.100.128.62,172.27.153.4,Juniper,3,ex3400-48p,20.2R3.9,NY3621250586:NY3621250114:NW3621320015:,
DCG000357,S115-Medical-3FL1,10.100.128.81,172.31.116.5,Juniper,2,ex3400-24p,18.2R3-S7.4,NW0217500297:NW3619450107:,
DCG000358,S115-Sheriff-IS-Back-Office,10.100.128.116,172.31.124.4,Juniper,2,ex3400-48p,18.2R3-S7.4,NY3620250718:NY3620200478:,
DCG000359,S001-Courthouse-IT,10.100.128.35,172.31.180.4,Juniper,1,ex3400-48p,18.2R3-S7.4,NY0217510037:,
DCG000360,S166-WEX-MDF-2,10.100.128.82,172.31.221.5,Juniper,1,ex3400-48p,18.2R3-S7.4,NY0217150288:,
DCG000361,S003-DCTV-Control-Rm,10.100.128.136,172.31.133.5,Juniper,1,ex2300-24p,18.2R3-S8.5,JY0218350231:,
DCG000362,S166-WEX-VSN,10.100.128.254,172.31.221.10,Palo Alto,1,PA-220,10.0.10,012801071700:,
DCG000363,S009-Roadhaven-Cust-Assurance,10.100.129.2,172.28.204.4,Juniper,1,ex3300-48p,15.1R7-S8.1,GB0216310209:,
DCG000364,S044-DA-Office-3,10.100.129.7,172.31.47.1,Juniper,2,ex3400-48p,18.2R3-S7.4,NY3619160338:NY3619160432:,
DCG000366,S120-4380-Voters,10.100.129.30,172.31.105.4,Juniper,3,ex3400-48p,18.2R3-S7.4,NY3620250021:NY0218460631:NY3620250353:,
DCG000367,S115-Sheriff-Telco-Room,10.100.128.67,172.27.203.6,Juniper,1,ex4300-24p,18.1R3-S12.1,PF3714060211:,
DCG000368,S115-Sheriff-2SE,10.100.129.38,172.31.120.5,Juniper,1,ex2300-c-12p,15.1X53-D593.4,HV0217130387:,
DCG000369,S009-Roadhaven-Data-Ctr2,10.100.129.41,172.28.200.10,Juniper,1,ex2300-c-12p,15.1X53-D593.4,HV0218020428:,
DCG000371,S111-Sanitation-North-Trail,10.100.129.44,172.22.27.4,Juniper,1,ex3300-24p,15.1R7-S8.1,GE0215167281:,
DCG000372,S200-Workforce-Deepfreeze,10.100.129.45,172.20.20.7,Juniper,1,ex3300-48p,15.1R7-S8.1,GB0214360139:,
DCG000373,S166-WEX-DMZ,10.100.129.48,172.26.160.4,Juniper,2,ex4300-24p,18.1R3-S6.1,PF3716030030:PF3714200244:,
DCG000374,S115-CORE,10.100.129.52,172.31.245.249,Juniper,2,ex4600-40f,18.4R3-S11.1,TC3718400085:TC3718380111:,
DCG000376,S001-F5-Comcast-Circuit-1,50.237.148.5,None,Comcast,1,ISP,None,None,
DCG000377,S001-F5-Sprint-Circuit-1,63.170.23.5,None,Sprint,1,ISP,None,None,
DCG000379,S001-Courthouse-Firewall,10.100.129.58,172.31.64.99,Palo Alto,1,PA-5250,9.1.13-h3,013101004139:,
DCG000380,S166-WEX-Firewall,10.100.129.68,172.31.64.98,Palo Alto,1,PA-5250,9.1.4,013101004856:,
DCG000381,S166-CAMPUS-MDF,10.100.129.42,172.31.245.250,Juniper,2,ex4600-40f,18.4R3-S11.1,TC3718380305:TC3718410059:,
DCG000382,S115-Courtroom-1,10.100.128.53,172.27.153.5,Juniper,1,ex2300-c-12p,15.1X53-D593.4,HV0218400357:,
DCG000383,S154-DKSO-CTRL-RM,10.100.128.54,172.31.153.5,Juniper,1,ex2200-c-12p-2g,15.1R5.5,GR0215310370:,
DCG000384,S166-WEX-Airwave,10.100.128.15,172.31.83.15,Aruba,1,Airwave,None,None,
DCG000385,S166-WEX-WLAN,10.100.128.56,172.31.83.6,Aruba,1,A7220-US,8.6.0.15,CW0003882:,
DCG000386,S166-WEX-Mobility-Master-1,10.100.128.57,172.31.69.161,Aruba,1,ArubaMM-VA,8.7.1.7,MM615D5CC:,
DCG000387,S166-WEX-Mobility-Master-2,10.100.128.58,172.31.69.162,Aruba,1,ArubaMM-VA,8.7.1.7,MM61B7D25:,
DCG000388,S001-CH-CORE-01,10.100.128.59,172.31.245.254,Juniper,1,qfx5110-48s-4c,18.4R2-S7.4,WS3717430055:,
DCG000389,S001-CH-CORE-02,10.100.128.60,172.31.245.253,Juniper,1,qfx5110-48s-4c,18.4R2-S7.4,WS3718310472:,
DCG000390,S166-DC-CORE-01,10.100.128.61,172.31.245.252,Juniper,1,qfx5110-48s-4c,18.4R2-S7.4,WS3718310187:,
DCG000391,S166-DC-CORE-02,10.100.128.63,172.31.245.251,Juniper,1,qfx5110-48s-4c,18.4R2-S7.4,WS3718380020:,
DCG000392,S001-F5-Comcast-Circuit-2,50.237.147.5,None,Comcast,1,ISP,None,None,
DCG000393,S001-F5-Sprint-Circuit-2,204.120.180.5,None,Sprint,1,ISP,None,None,
DCG000394,S166-F5-Comcast-Circuit-1,50.237.148.6,None,Comcast,1,ISP,None,None,
DCG000395,S166-F5-Sprint-Circuit-1,63.170.23.6,None,Sprint,1,ISP,None,None,
DCG000397,S166-F5-Comcast-Circuit-2,50.237.147.6,None,Comcast,1,ISP,None,None,
DCG000398,S166-F5-Sprint-Circuit-2,204.120.180.6,None,Sprint,1,ISP,None,None,
DCG000399,S005-Server-Lab,10.100.128.19,172.26.115.4,Juniper,1,ex2300-48p,15.1X53-D593.4,JW0218440034:,
DCG000400,S005-PXE-TEST,10.100.128.64,172.31.109.4,Juniper,1,ex2300-48p,15.1X53-D593.4,JW0218440407:,
DCG000401,S080-Hamilton2,10.100.128.221,172.27.20.4,Juniper,1,ex2300-24p,15.1X53-D593.4,JY0218340141:,
DCG000403,S016-East-Precinct-IDF,10.100.128.253,172.30.214.5,Juniper,1,ex2300-48p,15.1X53-D593.4,JW0218440403:,
DCG000404,S001-MDF,10.100.128.255,172.31.245.240,Juniper,2,ex4600-40f,18.4R3-S11.1,TC3119280238:TC3119250348:,
DCG000405,S075-Medical-Exam2,10.100.129.69,172.27.17.5,Juniper,1,ex2200-c-12p-2g,15.1R5.5,GR0216450526:,
DCG000407,S113-Seminole-Maint-Trl,10.100.129.71,172.29.110.4,Juniper,1,ex2300-c-12p,18.2R3-S7.4,HV3619090714:,
DCG000408,S165-Juvenile-Court-1FL-Classrm,10.100.129.74,172.27.143.10,Juniper,1,ex2200-24p-4g,15.1R7-S8.1,CV0215150535:,
DCG000409,S100-Comcast-Access,10.100.129.75,172.20.19.6,Juniper,1,ex2300-24p,15.1X53-D593.4,JY0216490856:,
DCG000410,S125-SCADA-SC-4600-VC,10.100.129.78,10.200.255.27,Juniper,2,ex4600-40f,18.1R3-S9.1,TC3118490168:TC3118490212:,
DCG000411,S125-SCADA-SC-4300-1,10.100.129.108,10.200.255.25,Juniper,1,ex4300-48p,18.1R3-S9.1,PD3715310006:,
DCG000412,S125-SCADA-SC-PA-3220,10.100.129.79,10.200.255.28,Palo Alto,1,PA-3220,9.1.11-h3,016201009304:,
DCG000413,S125-SCADA-RW-4600-VC,10.100.129.81,10.201.255.27,Juniper,2,ex4600-40f,18.1R3-S9.1,TC3118490331:TC3118490089:,
DCG000414,S125-SCADA-RW-4300-1,10.100.129.105,10.201.255.25,Juniper,1,ex4300-24t,18.1R3-S9.1,PG3718380184:,
DCG000415,S125-SCADA-RW-PA-3220,10.100.129.106,10.201.255.28,Palo Alto,1,PA-3220,9.1.11-h3,016201009206:,
DCG000416,S166-1960-DC-UPS,10.100.129.117,172.31.248.8,Juniper,1,ex2300-24p,15.1X53-D593.4,JY0218340046:,
DCG000417,S001-Courthouse-VPN-Gateway-1,10.100.129.130,172.31.64.10,Palo Alto,1,PA-3220,10.0.10,016201011013:,
DCG000418,S001-Courthouse-VPN-Gateway-2,10.100.129.135,172.31.64.11,Palo Alto,1,PA-3220,10.0.10,016201010921:,
DCG000419,S165-Juvenile-Court-ControlRm,10.100.128.3,172.27.147.6,Juniper,1,ex3300-48p,15.1R7-S8.1,GB0214320057:,
DCG000420,S166-WEX-Infoblox,10.100.128.30,172.31.221.35,None,None,None,None,None,
DCG000421,S001-Courthouse-Infoblox,10.100.128.31,172.31.51.25,None,None,None,None,None,
DCG000422,S115-Sheriff-Infoblox,10.100.128.123,172.27.203.25,None,None,None,None,None,
DCG000423,S166-WEX-Infoblox-DMZ,10.100.128.124,192.168.166.25,None,None,None,None,None,
DCG000424,S001-Courthouse-Infoblox-DMZ,10.100.129.29,192.168.0.25,None,None,None,None,None,
DCG000425,S166-WEX-NetMRI,10.100.128.213,172.31.112.174,None,None,None,None,None,
DCG000426,S006-SAMS-ST,10.100.129.143,10.250.250.14,Juniper,2,ex4600-40f,18.4R3-S11.1,TC3120100247:TC3120100183:,
DCG000427,S001-Courthouse-Oracle-Mgt,10.100.129.163,10.153.0.3,Palo Alto,1,PA-VM,10.0.10,007059000118496:,
DCG000428,S001-Courthouse-Oracle-Prem,10.100.129.164,10.153.0.34,Palo Alto,None,None,None,None,
DCG000429,S001-DMZ-Comcast-Circuit-GW,50.237.148.1,None,Comcast,1,ISP,None,None,
DCG000430,S001-DMZ-Sprint-Circuit-GW,63.170.23.1,None,Sprint,1,ISP,None,None,
DCG000431,S166-DMZ-Comcast-Circuit-GW,50.237.147.1,None,Comcast,1,ISP,None,None,
DCG000432,S166-GW-Sprint-Circuit-GW,204.120.180.1,None,Sprint,1,ISP,None,None,
DCG000434,S125-SC-Netbot,10.100.128.37,10.200.255.98,APC,1,Netbot-750,None,None,
DCG000435,S125-RW-Netbot,10.100.128.174,10.201.255.98,APC,1,Netbot-750,None,None,
DCG000436,S128-Snapfinger-Dewatering,10.100.128.175,172.29.101.6,Juniper,1,ex3400-24p,18.1R3.3,NW3619260092:,
DCG000437,S001-Courthouse-Libraries,10.100.129.165,192.168.222.30,Juniper,1,Juniper SRX220H2 Internet Router,JUNOS Software Release [12.3X48-D50.6],CF4715AK0356:,
DCG000438,S003-Maloof-Admin-6fl-Camera,10.100.129.166,172.26.147.246,Juniper,1,ex3400-24p,18.2R3-S7.4,NW0217140179:,
DCG000439,S009-Roadhaven-Guardshack-1,10.100.129.167,172.28.203.6,Juniper,1,ex2200-c-12p-2g,15.1R5.5,GR0214461448:,
DCG000440,S009-Roadhaven-Guardshack-2,10.100.129.168,172.28.203.10,Juniper,1,ex2200-c-12p-2g,15.1R5.5,GR0215380799:,
DCG000442,S110-Sanitation-East-2,10.100.129.170,172.30.115.4,Juniper,1,ex2300-24p,15.1X53-D593.4,JY0218340059:,
DCG000443,S115-Sheriff-Intake-Cameras,10.100.129.171,172.31.124.10,Juniper,1,ex3400-24p,20.2R3.9,NW3621320292:,
DCG000444,S120-4380-Voters-Cameras,10.100.129.172,172.31.105.6,Juniper,1,ex2200-c-12p-2g,15.1R5.5,GR0216450075:,
DCG000445,S154-Courthouse-Annex-Cameras,10.100.129.173,172.26.145.4,Juniper,1,ex2300-c-12p,15.1X53-D593.4,HV0217130425:,
DCG000446,S076-Fox-Recovery,10.100.129.174,172.29.108.4,Juniper,1,ex2300-c-12p,15.1X53-D593.4,HV0216500192:,
DCG000447,S002-Maloof-Annex-BOC-2,10.100.129.175,172.31.159.5,Juniper,1,ex2300-c-12p,15.1X53-D51,HV0216490088:,
DCG000448,S115-Fiber-Distribution,10.100.129.176,172.31.115.5,Juniper,6,ex4300-32f,18.4R2-S8,TW3120300102:TW3120210295:TW3120210148:TW3120300028:TW3120240121:TW3120300078:,
DCG000449,S115-Fiber-Distribution-Copper,10.100.129.177,172.31.115.6,Juniper,1,ex3400-24p,18.2R3-S7.4,NW3620230592:,
DCG000450,S003-Maloof-Admin-1fl-Camera,10.100.129.178,172.26.147.241,Juniper,1,ex3400-24p,18.2R3-S7.4,NW3620270400:,
DCG000451,S003-Maloof-Admin-2fl-Camera,10.100.129.179,172.26.147.242,Juniper,1,ex3400-24p,18.2R3-S7.4,NW3620230816:,
DCG000452,S003-Maloof-Admin-3fl-Camera ,10.100.129.180,172.26.147.243,Juniper,1,ex3400-24p,18.2R3-S7.4,NW3620230725:,
DCG000453,S003-Maloof-Admin-4fl-Camera,10.100.129.181,172.26.147.244,Juniper,1,ex3400-24p,18.2R3-S7.4,NW3620230466:,
DCG000454,S003-Maloof-Admin-5fl-Camera ,10.100.129.182,172.26.147.245,Juniper,1,ex3400-24p,18.2R3-S7.4,NW3620270167:,
DCG000455,S001-Courthouse-Azure-ADMS,None,10.160.252.60,Azure,1,Tunnel,None,None,
DCG000456,S001-CH-OCI-Fast-Connect,None,10.153.0.250,OCI,1,Tunnel,None,None,
DCG000457,S166-WEX-OCI-Fast-Connect,None,10.153.0.254,OCI,1,Tunnel,None,None,
DCG000458,S001-Courthouse-Azure-Express,None,10.149.0.2,Azure,1,ISP,None,None,
DCG000459,S120-4380-Voters-Cameras-2,10.100.128.217,172.27.161.5,Juniper,2,ex3300-48p,15.1R7-S8.1,GB0214490286:GB0214135939:,
DCG000460,S166-WEX-Azure-Express,None,10.149.0.6,Azure,1,ISP,None,None,
DCG000461,S125-SC-IDF-Stack,10.100.129.141,172.24.54.4,Juniper,3,ex4300-48p,18.1R3-S8.3,PD3714110546:PD3714470015:PD3718440667:,
DCG000462,S009-Roadhaven-Trailer,10.100.129.144,172.28.200.6,Juniper,1,ex2300-c-12p,18.2R3-S7.4,HV3619440109:,
DCG000463,S006-BLDG-B-GRD-2,10.100.129.183,172.19.110.6,Juniper,1,ex2300-48p,18.2R3-S7.4,JW0218440323:,
DCG000464,S006-BLDG-B-1FL-2,10.100.129.184,172.19.111.6,Juniper,1,ex2300-48p,15.1X53-D593.4,JW0218440007:,
DCG000465,S006-BLDG-A-1FL-2,10.100.129.185,172.19.101.6,Juniper,1,ex2300-48p,18.2R3-S7.4,JW0218440319:,
DCG000466,S073-Fire-Academy-Training-2,10.100.129.186,172.29.104.8,Juniper,1,ex2300-c-12p,18.1R3.3,HV3619440066:,
DCG000467,S073-Fire-Academy-Training-3,10.100.129.187,172.29.104.9,Juniper,1,ex2300-c-12p,18.1R3.3,HV3619510054:,
DCG000469,S001-Courthouse-VA-PAN-FW1,10.100.129.188,10.150.63.68,Palo Alto,1,PA-VM,9.1.10,007957000252086:,
DCG000470,S001-Courthouse-VA-PAN-FW2,10.100.129.189,10.150.63.69,Palo Alto,1,PA-VM,9.1.10,007957000252095:,
DCG000471,S001-Courthouse-TX-PAN-FW1,10.100.129.190,10.150.123.100,Palo Alto,1,PA-VM,9.1.10,007957000252079:,
DCG000472,S001-Courthouse-TX-PAN-FW2,10.100.129.192,10.150.123.101,Palo Alto,1,PA-VM,9.1.10,007957000252093:,
DCG000473,S120-TC-Server,10.100.128.52,172.31.155.6,Juniper,1,ex3400-48p,18.2R3-S7.4,NY3620250009:,
DCG000474,S115-CAMERAS-7NW,10.100.128.141,172.31.124.12,Juniper,1,ex3400-24p,20.2R3.9,NW3621320227:,
DCG000475,S226-Senior-Ctr,10.100.128.140,172.23.100.1,Juniper,None,None,None,None,
DCG000476,S006-BLDG-A-1FL-USER,10.100.128.223,172.19.101.5,Juniper,2,ex3400-48p,20.3R3-S2.2,NY3619500455:NY3619501061:,
DCG000477,S006-BLDG-A-1FL-AP-SEC,10.100.128.90,172.19.101.4,Juniper,1,ex3400-48p,20.3R3-S2.2,NY3619520451:,
DCG000478,S006-BLDG-A-2FL-USER,10.100.129.169,172.19.103.5,Juniper,2,ex3400-48p,20.2R3-S3.6,NY3619520116:NY3619500422:,
DCG000479,S006-BLDG-A-2FL-AP-SEC,10.100.129.147,172.19.103.4,Juniper,1,ex3400-48p,20.2R3.9,NY3621250122:,
DCG000480,S006-BLDG-A-3FL-USER,10.100.128.144,172.19.105.5,Juniper,3,ex3400-48p,20.2R3-S3.6,NY3619500912:NY3619500889:NY3620250010:,
DCG000481,S006-BLDG-A-3FL-AP-SEC,10.100.128.139,172.19.105.4,Juniper,1,ex3400-48p,20.2R3-S3.6,NY3619500888:,
DCG000482,S006-BLDG-B-GFL-USER,10.100.129.56,172.19.110.5,Juniper,2,ex3400-48p,20.3R3-S2.2,NY3619501142:NY3620020552:,
DCG000483,S006-BLDG-B-GFL-AP-SEC,10.100.128.66,172.19.110.4,Juniper,1,ex3400-48p,20.3R3-S2.2,NY3620030290:,
DCG000484,S006-BLDG-B-1FL-USER,10.100.128.78,172.19.112.5,Juniper,2,ex3400-48p,20.3R3-S2.2,NY3619510282:NY3619521792:,
DCG000485,S006-BLDG-B-1FL-AP-SEC,10.100.128.95,172.19.112.4,Juniper,1,ex3400-48p,20.3R3-S2.2,NY3620030029:,
DCG000486,S006-BLDG-B-2FL-USER,10.100.129.146,172.19.114.5,Juniper,2,ex3400-48p,20.3R3-S2.2,NY3619501306:NY3619521483:,
DCG000487,S006-BLDG-B-2FL-AP-SEC,10.100.128.4,172.19.114.4,Juniper,1,ex3400-48p,20.3R3-S2.2,NY3620250614:,
DCG000488,S006-BLDG-B-3FL-USER,10.100.128.226,172.19.116.5,Juniper,2,ex3400-48p,20.3R3-S2.2,NY3620201836:NY3620250145:,
DCG000489,S006-BLDG-B-3FL-AP-SEC,10.100.128.12,172.19.116.4,Juniper,1,ex3400-48p,20.3R3-S2.2,NY3619500871:,
